{
  "dataset_version": "penang-completed-transaction-aggregates-2017-v2",
  "prediction_target": "average_price_rm",
  "model_features": [
    "state",
    "district",
    "property_type",
    "year",
    "quarter"
  ],
  "forbidden_model_features": [
    "transaction_count",
    "transaction_value_rm"
  ],
  "sample_weight": "transaction_count",
  "temporal_limitation": "Only 2017 is available. Q1-Q3 to Q4 evaluation is provisional and does not validate current or multi-year forecasting.",
  "split_strategy": "train_2017_q1_q3_test_2017_q4",
  "train_aggregate_rows": 158,
  "train_transactions": 8646,
  "test_aggregate_rows": 54,
  "test_transactions": 3170,
  "selected_baseline": "segment_weighted_average",
  "selected_metrics": {
    "mae_rm": 64764.81200905587,
    "median_absolute_error_rm": 28201.591349085327,
    "rmse_rm": 103787.95183746284,
    "mape_percent": 17.791198417374904,
    "r2": 0.9499125823220061,
    "weighted_mae_rm": 36676.57154609618,
    "weighted_rmse_rm": 69133.96133372815,
    "weighted_mape_percent": 7.998845601315264,
    "weighted_r2": 0.972962073664367,
    "aggregate_rows": 54,
    "transactions_represented": 3170
  },
  "baseline_metrics": {
    "overall_weighted_average": {
      "mae_rm": 314234.3629952236,
      "median_absolute_error_rm": 229845.1999890427,
      "rmse_rm": 464589.3262282097,
      "mape_percent": 134.54444693183348,
      "r2": -0.0036290282434359167,
      "weighted_mae_rm": 281783.8150281197,
      "weighted_rmse_rm": 420535.60802465555,
      "weighted_mape_percent": 114.7663574094698,
      "weighted_r2": -0.00045151246507080245,
      "aggregate_rows": 54,
      "transactions_represented": 3170
    },
    "state_weighted_average": {
      "mae_rm": 314234.3629952236,
      "median_absolute_error_rm": 229845.1999890427,
      "rmse_rm": 464589.3262282097,
      "mape_percent": 134.54444693183348,
      "r2": -0.0036290282434359167,
      "weighted_mae_rm": 281783.8150281197,
      "weighted_rmse_rm": 420535.60802465555,
      "weighted_mape_percent": 114.7663574094698,
      "weighted_r2": -0.00045151246507080245,
      "aggregate_rows": 54,
      "transactions_represented": 3170
    },
    "district_weighted_average": {
      "mae_rm": 268303.81702557043,
      "median_absolute_error_rm": 182311.31587974905,
      "rmse_rm": 414258.197467807,
      "mape_percent": 104.94932374944679,
      "r2": 0.20204760850999548,
      "weighted_mae_rm": 278970.55248461675,
      "weighted_rmse_rm": 394090.77846849535,
      "weighted_mape_percent": 112.4675288403091,
      "weighted_r2": 0.12141650357846812,
      "aggregate_rows": 54,
      "transactions_represented": 3170
    },
    "property_type_weighted_average": {
      "mae_rm": 231838.48894307812,
      "median_absolute_error_rm": 139780.46114661772,
      "rmse_rm": 356380.53161918424,
      "mape_percent": 58.75616849639217,
      "r2": 0.4094418041452309,
      "weighted_mae_rm": 190073.74510119745,
      "weighted_rmse_rm": 308792.7568988134,
      "weighted_mape_percent": 44.246243100401514,
      "weighted_r2": 0.46058290546557024,
      "aggregate_rows": 54,
      "transactions_represented": 3170
    },
    "segment_weighted_average": {
      "mae_rm": 64764.81200905587,
      "median_absolute_error_rm": 28201.591349085327,
      "rmse_rm": 103787.95183746284,
      "mape_percent": 17.791198417374904,
      "r2": 0.9499125823220061,
      "weighted_mae_rm": 36676.57154609618,
      "weighted_rmse_rm": 69133.96133372815,
      "weighted_mape_percent": 7.998845601315264,
      "weighted_r2": 0.972962073664367,
      "aggregate_rows": 54,
      "transactions_represented": 3170
    },
    "previous_quarter_average": {
      "mae_rm": 117804.26768634262,
      "median_absolute_error_rm": 34000.00000000003,
      "rmse_rm": 311235.00600254757,
      "mape_percent": 23.217016347519383,
      "r2": 0.5495862555158451,
      "weighted_mae_rm": 76625.27901729259,
      "weighted_rmse_rm": 260583.74645172822,
      "weighted_mape_percent": 10.851915792218387,
      "weighted_r2": 0.615863882072993,
      "aggregate_rows": 54,
      "transactions_represented": 3170
    }
  },
  "slice_metrics": {
    "state": {
      "Penang": {
        "mae_rm": 64764.81200905587,
        "median_absolute_error_rm": 28201.591349085327,
        "rmse_rm": 103787.95183746284,
        "mape_percent": 17.791198417374904,
        "r2": 0.9499125823220061,
        "weighted_mae_rm": 36676.57154609618,
        "weighted_rmse_rm": 69133.96133372815,
        "weighted_mape_percent": 7.998845601315264,
        "weighted_r2": 0.972962073664367,
        "aggregate_rows": 54,
        "transactions_represented": 3170
      }
    },
    "district": {
      "Barat Daya": {
        "mae_rm": 48340.59721037554,
        "median_absolute_error_rm": 24791.928837876592,
        "rmse_rm": 63346.06517354129,
        "mape_percent": 14.564314775291079,
        "r2": 0.9683911797130903,
        "weighted_mae_rm": 24390.543387051166,
        "weighted_rmse_rm": 35154.433953552725,
        "weighted_mape_percent": 6.52421753625857,
        "weighted_r2": 0.986492306620022,
        "aggregate_rows": 11,
        "transactions_represented": 426
      },
      "Seberang Perai Selatan": {
        "mae_rm": 77206.56020190589,
        "median_absolute_error_rm": 64126.40754239194,
        "rmse_rm": 105803.18882533803,
        "mape_percent": 27.283508682395485,
        "r2": 0.5858118373240303,
        "weighted_mae_rm": 65583.52080705552,
        "weighted_rmse_rm": 84618.43204292338,
        "weighted_mape_percent": 16.4097832562144,
        "weighted_r2": 0.6878406545777493,
        "aggregate_rows": 10,
        "transactions_represented": 505
      },
      "Seberang Perai Tengah": {
        "mae_rm": 27984.076750573728,
        "median_absolute_error_rm": 17730.989568515884,
        "rmse_rm": 40818.27826231942,
        "mape_percent": 9.945153693546589,
        "r2": 0.9359182176363448,
        "weighted_mae_rm": 17341.834856128535,
        "weighted_rmse_rm": 29572.238672879215,
        "weighted_mape_percent": 7.359541822619412,
        "weighted_r2": 0.9687570178829945,
        "aggregate_rows": 11,
        "transactions_represented": 678
      },
      "Seberang Perai Utara": {
        "mae_rm": 38722.38756483544,
        "median_absolute_error_rm": 14676.03333333334,
        "rmse_rm": 65136.19680639194,
        "mape_percent": 12.278993104609324,
        "r2": 0.9118703880726622,
        "weighted_mae_rm": 21684.68723051637,
        "weighted_rmse_rm": 41378.70665537313,
        "weighted_mape_percent": 8.00771985757242,
        "weighted_r2": 0.939482831356506,
        "aggregate_rows": 11,
        "transactions_represented": 443
      },
      "Timur Laut": {
        "mae_rm": 132701.50633512065,
        "median_absolute_error_rm": 83730.74350649351,
        "rmse_rm": 181058.54804875265,
        "mape_percent": 25.746959127852097,
        "r2": 0.9391835262756933,
        "weighted_mae_rm": 45966.54904749926,
        "weighted_rmse_rm": 92940.42350087829,
        "weighted_mape_percent": 5.1457013315692555,
        "weighted_r2": 0.9764230461769617,
        "aggregate_rows": 11,
        "transactions_represented": 1118
      }
    },
    "property_type": {
      "cluster_house": {
        "mae_rm": 75360.23568315743,
        "median_absolute_error_rm": 68833.33333333334,
        "rmse_rm": 85867.68769038965,
        "mape_percent": 36.25604270688122,
        "r2": -1.1731955262054616,
        "weighted_mae_rm": 60930.03543107153,
        "weighted_rmse_rm": 69268.79238081617,
        "weighted_mape_percent": 28.630574625966997,
        "weighted_r2": -0.3541527708217682,
        "aggregate_rows": 5,
        "transactions_represented": 53
      },
      "condominium_apartment": {
        "mae_rm": 21855.30648503235,
        "median_absolute_error_rm": 16923.357846762156,
        "rmse_rm": 24462.904356222563,
        "mape_percent": 5.1832448702542475,