{
  "dataset_rows": 460,
  "train_rows": 368,
  "test_rows": 92,
  "test_period": "2018 Q1-Q2",
  "selected_model": "log_ridge",
  "model": {
    "mae_rm": 15126.489001958258,
    "rmse_rm": 20207.566984132845,
    "r2": 0.9913513933985789
  },
  "log_ridge": {
    "mae_rm": 15126.489001958258,
    "rmse_rm": 20207.566984132845,
    "r2": 0.9913513933985789
  },
  "area_median_baseline": {
    "mae_rm": 22236.171086956518,
    "rmse_rm": 33079.61080838569,
    "r2": 0.9768239792358334
  },
  "states": [
    "Johor",
    "Kedah",
    "Kelantan",
    "Kuala Lumpur",
    "Melaka",
    "Negeri Sembilan",
    "Pahang",
    "Penang",
    "Perak",
    "Perlis",
    "Sabah",
    "Sarawak",
    "Selangor",
    "Terengganu"
  ],
  "area_count": 46
}