{
  "dataset_rows": 600,
  "train_rows": 480,
  "test_rows": 120,
  "test_period": "2018 Q1-Q2",
  "selected_model": "location_property_median",
  "model": {
    "mae_rm": 19397.455948039216,
    "rmse_rm": 29576.510946224735,
    "r2": 0.9782423746220822
  },
  "log_ridge": {
    "mae_rm": 20507.327676032135,
    "rmse_rm": 30945.94988666196,
    "r2": 0.9761809053513079
  },
  "location_property_median_baseline": {
    "mae_rm": 19397.455948039216,
    "rmse_rm": 29576.510946224735,
    "r2": 0.9782423746220822
  },
  "states": [
    "Johor",
    "Kedah",
    "Kelantan",
    "Kuala Lumpur",
    "Melaka",
    "Negeri Sembilan",
    "Pahang",
    "Penang",
    "Perak",
    "Perlis",
    "Sabah",
    "Sarawak",
    "Selangor",
    "Terengganu"
  ],
  "state_count": 14,
  "location_count": 53,
  "rows_by_property_type": {
    "Terraced house": 460,
    "High-rise unit": 140
  }
}